id,audio_path,image_folder,posted,last_image_index
1,audio/warrior/M (54).mp3,images/warrior/M,true,6
2,audio/warrior/W (37).mp3,images/warrior/W,true,7
3,audio/warrior/M (61).mp3,images/warrior/M,true,11
4,audio/warrior/M (31).mp3,images/warrior/M,true,9
5,audio/warrior/M (50).mp3,images/warrior/M,true,6
6,audio/warrior/M (65).mp3,images/warrior/M,true,4
7,audio/warrior/W (36).mp3,images/warrior/W,true,8
8,audio/warrior/W (6).mp3,images/warrior/W,true,2
9,audio/warrior/W (20).mp3,images/warrior/W,true,16
10,audio/warrior/W (23).mp3,images/warrior/W,true,6
11,audio/warrior/M (20).mp3,images/warrior/M,true,9
12,audio/warrior/W (34).mp3,images/warrior/W,true,22
13,audio/warrior/M (32).mp3,images/warrior/M,true,8
14,audio/warrior/M (22).mp3,images/warrior/M,true,5
15,audio/warrior/W (22).mp3,images/warrior/W,true,6
16,audio/warrior/M (46).mp3,images/warrior/M,true,7
17,audio/warrior/M (25).mp3,images/warrior/M,true,9
18,audio/warrior/W (2).mp3,images/warrior/W,true,7
19,audio/warrior/W (14).mp3,images/warrior/W,true,6
20,audio/warrior/M (37).mp3,images/warrior/M,true,4
21,audio/warrior/W (35).mp3,images/warrior/W,true,4
22,audio/warrior/W (11).mp3,images/warrior/W,true,8
23,audio/warrior/W (15).mp3,images/warrior/W,true,20
24,audio/warrior/M (34).mp3,images/warrior/M,true,6
25,audio/warrior/M (66).mp3,images/warrior/M,true,11
26,audio/warrior/M (57).mp3,images/warrior/M,true,9
27,audio/warrior/M (38).mp3,images/warrior/M,true,13
28,audio/warrior/M (6).mp3,images/warrior/M,true,4
29,audio/warrior/M (51).mp3,images/warrior/M,true,45
30,audio/warrior/M (12).mp3,images/warrior/M,true,4
31,audio/warrior/M (53).mp3,images/warrior/M,true,11
32,audio/warrior/M (59).mp3,images/warrior/M,true,11
33,audio/warrior/W (10).mp3,images/warrior/W,true,3
34,audio/warrior/W (12).mp3,images/warrior/W,true,11
35,audio/warrior/M (63).mp3,images/warrior/M,true,6
36,audio/warrior/M (45).mp3,images/warrior/M,true,20
37,audio/warrior/M (36).mp3,images/warrior/M,true,7
38,audio/warrior/M (24).mp3,images/warrior/M,true,5
39,audio/warrior/M (52).mp3,images/warrior/M,true,9
40,audio/warrior/M (18).mp3,images/warrior/M,true,5
41,audio/warrior/W (32).mp3,images/warrior/W,true,10
42,audio/warrior/M (15).mp3,images/warrior/M,true,4
43,audio/warrior/M (60).mp3,images/warrior/M,true,8
44,audio/warrior/W (3).mp3,images/warrior/W,true,4
45,audio/warrior/W (19).mp3,images/warrior/W,true,11
46,audio/warrior/M (17).mp3,images/warrior/M,true,15
47,audio/warrior/M (48).mp3,images/warrior/M,true,22
48,audio/warrior/M (1).mp3,images/warrior/M,true,31
49,audio/warrior/W (30).mp3,images/warrior/W,false,0
50,audio/warrior/M (29).mp3,images/warrior/M,false,0
51,audio/warrior/M (43).mp3,images/warrior/M,false,0
52,audio/warrior/W (4).mp3,images/warrior/W,false,0
53,audio/warrior/M (41).mp3,images/warrior/M,false,0
54,audio/warrior/W (31).mp3,images/warrior/W,false,0
55,audio/warrior/M (21).mp3,images/warrior/M,false,0
56,audio/warrior/M (16).mp3,images/warrior/M,false,0
57,audio/warrior/W (5).mp3,images/warrior/W,false,0
58,audio/warrior/W (16).mp3,images/warrior/W,false,0
59,audio/warrior/M (3).mp3,images/warrior/M,false,0
60,audio/warrior/M (7).mp3,images/warrior/M,false,0
61,audio/warrior/M (56).mp3,images/warrior/M,false,0
62,audio/warrior/W (13).mp3,images/warrior/W,false,0
63,audio/warrior/W (17).mp3,images/warrior/W,false,0
64,audio/warrior/W (9).mp3,images/warrior/W,false,0
65,audio/warrior/W (29).mp3,images/warrior/W,false,0
66,audio/warrior/M (11).mp3,images/warrior/M,false,0
67,audio/warrior/M (44).mp3,images/warrior/M,false,0
68,audio/warrior/M (23).mp3,images/warrior/M,false,0
69,audio/warrior/M (5).mp3,images/warrior/M,false,0
70,audio/warrior/M (10).mp3,images/warrior/M,false,0
71,audio/warrior/M (13).mp3,images/warrior/M,false,0
72,audio/warrior/M (30).mp3,images/warrior/M,false,0
73,audio/warrior/W (25).mp3,images/warrior/W,false,0
74,audio/warrior/M (42).mp3,images/warrior/M,false,0
75,audio/warrior/W (1).mp3,images/warrior/W,false,0
76,audio/warrior/M (55).mp3,images/warrior/M,false,0
77,audio/warrior/W (38).mp3,images/warrior/W,false,0
78,audio/warrior/M (39).mp3,images/warrior/M,false,0
79,audio/warrior/M (35).mp3,images/warrior/M,false,0
80,audio/warrior/W (18).mp3,images/warrior/W,false,0
81,audio/warrior/W (26).mp3,images/warrior/W,false,0
82,audio/warrior/M (14).mp3,images/warrior/M,false,0
83,audio/warrior/M (26).mp3,images/warrior/M,false,0
84,audio/warrior/M (40).mp3,images/warrior/M,false,0
85,audio/warrior/M (33).mp3,images/warrior/M,false,0
86,audio/warrior/M (58).mp3,images/warrior/M,false,0
87,audio/warrior/M (28).mp3,images/warrior/M,false,0
88,audio/warrior/M (62).mp3,images/warrior/M,false,0
89,audio/warrior/W (24).mp3,images/warrior/W,false,0
90,audio/warrior/M (47).mp3,images/warrior/M,false,0
91,audio/warrior/W (33).mp3,images/warrior/W,false,0
92,audio/warrior/W (21).mp3,images/warrior/W,false,0
93,audio/warrior/W (7).mp3,images/warrior/W,false,0
94,audio/warrior/M (2).mp3,images/warrior/M,false,0
95,audio/warrior/M (8).mp3,images/warrior/M,false,0
96,audio/warrior/W (8).mp3,images/warrior/W,false,0
97,audio/warrior/M (27).mp3,images/warrior/M,false,0
98,audio/warrior/M (64).mp3,images/warrior/M,false,0
99,audio/warrior/M (9).mp3,images/warrior/M,false,0
100,audio/M (49).mp3,images/warrior/M,false,0
101,audio/W (27).mp3,images/warrior/W,false,0
102,audio/M (4).mp3,images/warrior/M,false,0
103,audio/W (28).mp3,images/warrior/W,false,0
104,audio/M (19).mp3,images/warrior/M,false,0
105,audio/M (67).mp3,images/warrior/M,false,0
106,audio/M (68).mp3,images/warrior/M,false,0
107,audio/M (69).mp3,images/warrior/M,false,0
108,audio/M (70).mp3,images/warrior/M,false,0
109,audio/M (71).mp3,images/warrior/M,false,0
110,audio/M (72).mp3,images/warrior/M,false,0
111,audio/M (73).mp3,images/warrior/M,false,0
112,audio/M (74).mp3,images/warrior/M,false,0
113,audio/M (75).mp3,images/warrior/M,false,0
114,audio/M (76).mp3,images/warrior/M,false,0
115,audio/M (77).mp3,images/warrior/M,false,0
116,audio/M (78).mp3,images/warrior/M,false,0
117,audio/M (79).mp3,images/warrior/M,false,0
118,audio/M (80).mp3,images/warrior/M,false,0
119,audio/M (81).mp3,images/warrior/M,false,0
120,audio/M (82).mp3,images/warrior/M,false,0
121,audio/M (83).mp3,images/warrior/M,false,0
122,audio/W (39).mp3,images/warrior/W,false,0
123,audio/W (40).mp3,images/warrior/W,false,0
124,audio/W (41).mp3,images/warrior/W,false,0
125,audio/M (85).mp3,images/warrior/M,false,0
126,audio/M (86).mp3,images/warrior/M,false,0
127,audio/M (87).mp3,images/warrior/M,false,0
128,audio/M (88).mp3,images/warrior/M,false,0
129,audio/M (89).mp3,images/warrior/M,false,0
130,audio/M (90).mp3,images/warrior/M,false,0
131,audio/M (91).mp3,images/warrior/M,false,0
132,audio/M (92).mp3,images/warrior/M,false,0
133,audio/M (93).mp3,images/warrior/M,false,0
134,audio/M (94).mp3,images/warrior/M,false,0
135,audio/M (95).mp3,images/warrior/M,false,0
136,audio/M (96).mp3,images/warrior/M,false,0
137,audio/M (97).mp3,images/warrior/M,false,0
138,audio/M (98).mp3,images/warrior/M,false,0
139,audio/M (99).mp3,images/warrior/M,false,0
140,audio/M (100).mp3,images/warrior/M,false,0
141,audio/M (101).mp3,images/warrior/M,false,0
142,audio/M (102).mp3,images/warrior/M,false,0
143,audio/M (103).mp3,images/warrior/M,false,0
144,audio/M (104).mp3,images/warrior/M,false,0
145,audio/M (105).mp3,images/warrior/M,false,0
146,audio/M (106).mp3,images/warrior/M,false,0
147,audio/M (107).mp3,images/warrior/M,false,0
148,audio/M (108).mp3,images/warrior/M,false,0
149,audio/M (109).mp3,images/warrior/M,false,0
150,audio/M (110).mp3,images/warrior/M,false,0
151,audio/M (111).mp3,images/warrior/M,false,0
152,audio/M (112).mp3,images/warrior/M,false,0
153,audio/M (113).mp3,images/warrior/M,false,0
154,audio/M (114).mp3,images/warrior/M,false,0
155,audio/M (115).mp3,images/warrior/M,false,0
156,audio/M (116).mp3,images/warrior/M,false,0
157,audio/M (117).mp3,images/warrior/M,false,0
158,audio/M (118).mp3,images/warrior/M,false,0
159,audio/M (119).mp3,images/warrior/M,false,0
160,audio/M (120).mp3,images/warrior/M,false,0
161,audio/M (121).mp3,images/warrior/M,false,0
162,audio/M (122).mp3,images/warrior/M,false,0
163,audio/M (123).mp3,images/warrior/M,false,0
164,audio/M (124).mp3,images/warrior/M,false,0
165,audio/M (125).mp3,images/warrior/M,false,0
166,audio/M (126).mp3,images/warrior/M,false,0
167,audio/M (127).mp3,images/warrior/M,false,0
168,audio/M (128).mp3,images/warrior/M,false,0
